id;purpose;amount_requested;status;project_description;market_description;date;repay_description;terms_in
1;mobile Fish;77969;Savings Account Dam;Practical Fresh Pants;Metal deposit;2019-11-30;transmitter Implementation Electronics;2019-11-29
2;Money Market Account;61165;Grocery Home;Investment Account Steel;Coordinator;2019-11-30;Licensed Savings Account;2019-11-30
3;Planner Canyon;85994;Yuan Renminbi Centers;Factors;South Dakota envisioneer Music;2019-11-30;Monitored Bahamian Dollar Investment Account;2019-11-30
4;Salad;39106;Tuna;hardware Costa Rica Mayotte;Industrial;2019-11-30;Views e-enable Communications;2019-11-30
5;archive Georgia Aruba;96117;navigating;interactive generating compelling;Home Loan Account;2019-11-30;scalable;2019-11-30
6;Industrial;42340;reinvent 24 hour Jewelery;monitor;1080p Checking Account Identity;2019-11-30;Internal;2019-11-30
7;Highway Ergonomic;37081;Lempira;pixel withdrawal;Mississippi embrace Developer;2019-11-30;hard drive Robust Networked;2019-11-30
8;system Small;43933;red;withdrawal knowledge base Buckinghamshire;Concrete Investment Account Saint Lucia;2019-11-30;Brand;2019-11-30
9;Chilean Peso Unidades de fomento;88046;Auto Loan Account modular Refined;digital maroon;EXE projection Fresh;2019-11-30;Direct;2019-11-30
10;withdrawal;52;cutting-edge ability Hat;supply-chains magenta;encompassing;2019-11-30;Gloves sky blue Oklahoma;2019-11-30
