id;name;job;address;email;phone;loaned;paid;valided
1;mobile Fish;Home Loan Account Table Computer;Trace;Lazaro_Conroy2@yahoo.com;(978) 920-1916;30424;61165;52475
2;web-readiness;Namibia;Steel zero administration;Darlene78@yahoo.com;135-954-0866 x1400;94888;94220;96563
3;cross-platform access;Public-key;infomediaries;Leone.Kunde17@gmail.com;1-321-673-4525 x51098;77513;44975;93949
4;Chief Credit Card Account;archive Georgia Aruba;software scale interactive;Kyler.Hermiston60@hotmail.com;1-212-810-0947 x312;552;1407;81546
5;monitor;1080p Checking Account Identity;Frozen IB;Isobel6@yahoo.com;363.675.6285;47221;38292;11959
6;bus synthesize Idaho;Networked Sleek Metal Table Small;Intelligent Outdoors;Jarrell_Haley@yahoo.com;(912) 645-7229 x0526;16122;88046;92969
7;virtual deposit;Squares mint green e-business;Ghana back-end National;Sven22@gmail.com;408-383-0155 x4426;11986;26941;33761
8;Directives;sky blue;Kenyan Shilling robust;Deontae25@hotmail.com;(473) 129-0269 x5400;27864;34507;90826
9;Public-key Granite;Way Dominican Republic;Bulgarian Lev navigate;Deanna.Rempel47@gmail.com;963-580-7813 x5160;85835;59089;32595
10;red firewall open-source;deposit Sausages;disintermediate Cambridgeshire hacking;Evan20@hotmail.com;1-586-226-1895 x55229;9310;96541;89721
